{
  "project_info": {
    "project_number": "828206464495",
    "project_id": "mentalhealf1",
    "storage_bucket": "mentalhealf1.firebasestorage.app"
  },
  "client": [
    {
      "client_info": {
        "mobilesdk_app_id": "1:828206464495:android:23f16afcf9c95ddea34a1a",
        "android_client_info": {
          "package_name": "com.example.mentalhealf"
        }
      },
      "oauth_client": [
        {
          "client_id": "828206464495-aqnb8snv4593uphse6b1okhobu0ltrs4.apps.googleusercontent.com",
          "client_type": 1,
          "android_info": {
            "package_name": "com.example.mentalhealf",
            "certificate_hash": "d33908cf379675dd1b1d8ded66da827b3a9ab839"
          }
        },
        {
          "client_id": "828206464495-5pq4rbgi38en1kusbhfi0jbsbdi3r4tc.apps.googleusercontent.com",
          "client_type": 3
        }
      ],
      "api_key": [
        {
          "current_key": "AIzaSyAwxapp7gtqObVGaXJ3v7EJ0_r5g5MU-js"
        }
      ],
      "services": {
        "appinvite_service": {
          "other_platform_oauth_client": [
            {
              "client_id": "828206464495-5pq4rbgi38en1kusbhfi0jbsbdi3r4tc.apps.googleusercontent.com",
              "client_type": 3
            }
          ]
        }
      }
    }
  ],
  "configuration_version": "1"
}