{
  "project_info": {
    "project_number": "828206464495",
    "project_id": "mentalhealf1",
    "storage_bucket": "mentalhealf1.firebasestorage.app"
  },
  "client": [
    {
      "client_info": {
        "mobilesdk_app_id": "1:828206464495:android:23f16afcf9c95ddea34a1a",
        "android_client_info": {
          "package_name": "com.example.mentalhealf"
        }
      },
      "oauth_client": [],
      "api_key": [
        {
          "current_key": "AIzaSyAwxapp7gtqObVGaXJ3v7EJ0_r5g5MU-js"
        }
      ],
      "services": {
        "appinvite_service": {
          "other_platform_oauth_client": []
        }
      }
    }
  ],
  "configuration_version": "1"
}